pid,heapUsed,heapTotal,osFreeMem,osTotalMem,rss,la/1min,la/5min,la/15min,statusCode,time,relativeTime
21473,14111440,17830944,134557696,8589934592,34697216,2.10205078125,2.529296875,2.24853515625,200,2016-06-20T14:12:23+09:00,00.0
21473,14137216,17830944,129683456,8589934592,34725888,2.10205078125,2.529296875,2.24853515625,200,2016-06-20T14:12:23+09:00,00.0
21473,14161736,17830944,109563904,8589934592,34750464,2.10205078125,2.529296875,2.24853515625,200,2016-06-20T14:12:23+09:00,00.0
21473,14186296,17830944,106450944,8589934592,34775040,2.10205078125,2.529296875,2.24853515625,200,2016-06-20T14:12:23+09:00,00.0
21473,14210816,17830944,104669184,8589934592,34799616,2.10205078125,2.529296875,2.24853515625,200,2016-06-20T14:12:24+09:00,00.0
21473,14236760,17830944,104882176,8589934592,34824192,2.10205078125,2.529296875,2.24853515625,200,2016-06-20T14:12:24+09:00,00.0
21473,14261280,17830944,105062400,8589934592,34848768,2.10205078125,2.529296875,2.24853515625,200,2016-06-20T14:12:24+09:00,00.0
21473,14285840,17830944,104693760,8589934592,34873344,2.10205078125,2.529296875,2.24853515625,200,2016-06-20T14:12:24+09:00,00.0
21473,14310400,17830944,110936064,8589934592,34897920,2.10205078125,2.529296875,2.24853515625,200,2016-06-20T14:12:24+09:00,00.0
21473,14334960,17830944,111177728,8589934592,34922496,2.10205078125,2.529296875,2.24853515625,200,2016-06-20T14:12:25+09:00,00.0
21473,14360616,17830944,112336896,8589934592,34947072,2.10205078125,2.529296875,2.24853515625,200,2016-06-20T14:12:25+09:00,00.0
21473,14385176,17830944,112508928,8589934592,34975744,2.10205078125,2.529296875,2.24853515625,200,2016-06-20T14:12:25+09:00,00.0
21473,14409736,17830944,112734208,8589934592,35000320,2.10205078125,2.529296875,2.24853515625,200,2016-06-20T14:12:25+09:00,00.0
21473,14434256,17830944,112996352,8589934592,35020800,2.10205078125,2.529296875,2.24853515625,200,2016-06-20T14:12:25+09:00,00.0
21473,14458776,17830944,112144384,8589934592,35045376,2.10205078125,2.529296875,2.24853515625,200,2016-06-20T14:12:26+09:00,00.0
21473,14561888,17830944,128196608,8589934592,35143680,2.1533203125,2.52783203125,2.2509765625,200,2016-06-20T14:12:37+09:00,00.0
21473,14587952,17830944,128344064,8589934592,35172352,2.1533203125,2.52783203125,2.2509765625,200,2016-06-20T14:12:37+09:00,00.0
21473,14612472,17830944,125272064,8589934592,35201024,2.220703125,2.53564453125,2.2548828125,200,2016-06-20T14:12:37+09:00,00.0
21473,14637152,17830944,123297792,8589934592,35221504,2.220703125,2.53564453125,2.2548828125,200,2016-06-20T14:12:37+09:00,00.0
21473,14661672,17830944,120250368,8589934592,35246080,2.220703125,2.53564453125,2.2548828125,200,2016-06-20T14:12:37+09:00,00.0
21473,14686192,17830944,120348672,8589934592,35270656,2.220703125,2.53564453125,2.2548828125,200,2016-06-20T14:12:37+09:00,00.0
21473,14710712,17830944,120446976,8589934592,35295232,2.220703125,2.53564453125,2.2548828125,200,2016-06-20T14:12:37+09:00,00.0
21473,14735272,17830944,120496128,8589934592,35319808,2.220703125,2.53564453125,2.2548828125,200,2016-06-20T14:12:37+09:00,00.0
21473,14759968,17830944,121348096,8589934592,35344384,2.220703125,2.53564453125,2.2548828125,200,2016-06-20T14:12:37+09:00,00.0
21473,14784488,17830944,121446400,8589934592,35368960,2.220703125,2.53564453125,2.2548828125,200,2016-06-20T14:12:37+09:00,00.0
21473,14809008,17830944,121606144,8589934592,35381248,2.220703125,2.53564453125,2.2548828125,200,2016-06-20T14:12:37+09:00,00.0
21473,14833528,17830944,121712640,8589934592,35381248,2.220703125,2.53564453125,2.2548828125,200,2016-06-20T14:12:37+09:00,00.0
21473,13172560,14751776,122933248,8589934592,34451456,2.220703125,2.53564453125,2.2548828125,200,2016-06-20T14:12:37+09:00,00.0
21473,13197112,14751776,123015168,8589934592,34451456,2.220703125,2.53564453125,2.2548828125,200,2016-06-20T14:12:37+09:00,00.0
21473,13221600,14751776,123211776,8589934592,34451456,2.220703125,2.53564453125,2.2548828125,200,2016-06-20T14:12:37+09:00,00.0
21473,13246088,14751776,123310080,8589934592,34455552,2.220703125,2.53564453125,2.2548828125,200,2016-06-20T14:12:37+09:00,00.0
21473,13270648,14751776,123408384,8589934592,34455552,2.220703125,2.53564453125,2.2548828125,200,2016-06-20T14:12:37+09:00,00.0
21473,13295208,14751776,123457536,8589934592,34455552,2.220703125,2.53564453125,2.2548828125,200,2016-06-20T14:12:37+09:00,00.0
21473,13319768,14751776,123658240,8589934592,34455552,2.220703125,2.53564453125,2.2548828125,200,2016-06-20T14:12:37+09:00,00.0
21473,13344328,14751776,122724352,8589934592,34455552,2.220703125,2.53564453125,2.2548828125,200,2016-06-20T14:12:37+09:00,00.0
21473,13368888,14751776,122867712,8589934592,34455552,2.220703125,2.53564453125,2.2548828125,200,2016-06-20T14:12:37+09:00,00.0
21473,13393448,14751776,122970112,8589934592,34455552,2.220703125,2.53564453125,2.2548828125,200,2016-06-20T14:12:37+09:00,00.0
21473,13418008,14751776,123105280,8589934592,34455552,2.220703125,2.53564453125,2.2548828125,200,2016-06-20T14:12:37+09:00,00.0
21473,13442568,14751776,123224064,8589934592,34455552,2.220703125,2.53564453125,2.2548828125,200,2016-06-20T14:12:37+09:00,00.0
21473,13467128,14751776,123461632,8589934592,34455552,2.220703125,2.53564453125,2.2548828125,200,2016-06-20T14:12:37+09:00,00.0
21473,13491688,14751776,122462208,8589934592,34459648,2.220703125,2.53564453125,2.2548828125,200,2016-06-20T14:12:37+09:00,00.0
21473,13516208,14751776,122585088,8589934592,34459648,2.220703125,2.53564453125,2.2548828125,200,2016-06-20T14:12:38+09:00,00.0
21473,13541872,14751776,122634240,8589934592,34459648,2.220703125,2.53564453125,2.2548828125,200,2016-06-20T14:12:38+09:00,00.0
21473,13566400,14751776,121769984,8589934592,34459648,2.220703125,2.53564453125,2.2548828125,200,2016-06-20T14:12:38+09:00,00.0
21473,13590888,14751776,121868288,8589934592,34459648,2.220703125,2.53564453125,2.2548828125,200,2016-06-20T14:12:38+09:00,00.0
21473,13615408,14751776,121966592,8589934592,34459648,2.220703125,2.53564453125,2.2548828125,200,2016-06-20T14:12:38+09:00,00.0
21473,13639968,14751776,122040320,8589934592,34459648,2.220703125,2.53564453125,2.2548828125,200,2016-06-20T14:12:38+09:00,00.0
21473,13664488,14751776,122163200,8589934592,34459648,2.220703125,2.53564453125,2.2548828125,200,2016-06-20T14:12:38+09:00,00.0
21473,13688976,14751776,122212352,8589934592,34459648,2.220703125,2.53564453125,2.2548828125,200,2016-06-20T14:12:38+09:00,00.0
21473,13713496,14751776,122408960,8589934592,34459648,2.220703125,2.53564453125,2.2548828125,200,2016-06-20T14:12:38+09:00,00.0
21473,13738016,14751776,122482688,8589934592,34463744,2.220703125,2.53564453125,2.2548828125,200,2016-06-20T14:12:38+09:00,00.0
21473,13762536,14751776,123629568,8589934592,34471936,2.220703125,2.53564453125,2.2548828125,200,2016-06-20T14:12:38+09:00,00.0
21473,13787096,14751776,123703296,8589934592,34471936,2.220703125,2.53564453125,2.2548828125,200,2016-06-20T14:12:38+09:00,00.0
21473,13811656,14751776,123801600,8589934592,34471936,2.220703125,2.53564453125,2.2548828125,200,2016-06-20T14:12:38+09:00,00.0
21473,13836216,14751776,122851328,8589934592,34471936,2.220703125,2.53564453125,2.2548828125,200,2016-06-20T14:12:38+09:00,00.0
21473,13860776,14751776,121925632,8589934592,34471936,2.220703125,2.53564453125,2.2548828125,200,2016-06-20T14:12:38+09:00,00.0
21473,13896272,15771680,121999360,8589934592,34504704,2.220703125,2.53564453125,2.2548828125,200,2016-06-20T14:12:38+09:00,00.0
21473,13920864,15771680,122109952,8589934592,34508800,2.220703125,2.53564453125,2.2548828125,200,2016-06-20T14:12:38+09:00,00.0
21473,13945464,15771680,122159104,8589934592,34508800,2.220703125,2.53564453125,2.2548828125,200,2016-06-20T14:12:38+09:00,00.0
21473,13969992,15771680,122331136,8589934592,34508800,2.220703125,2.53564453125,2.2548828125,200,2016-06-20T14:12:38+09:00,00.0
21473,13282216,16803616,123478016,8589934592,33886208,2.220703125,2.53564453125,2.2548828125,200,2016-06-20T14:12:38+09:00,00.0
21473,13345808,16803616,119382016,8589934592,34066432,2.220703125,2.53564453125,2.2548828125,200,2016-06-20T14:12:38+09:00,00.0
21473,13370328,16803616,115310592,8589934592,34095104,2.220703125,2.53564453125,2.2548828125,200,2016-06-20T14:12:38+09:00,00.0
21473,13394888,16803616,113336320,8589934592,34119680,2.220703125,2.53564453125,2.2548828125,200,2016-06-20T14:12:38+09:00,00.0
21473,13419408,16803616,113475584,8589934592,34144256,2.220703125,2.53564453125,2.2548828125,200,2016-06-20T14:12:38+09:00,00.0
21473,13443968,16803616,110452736,8589934592,34168832,2.220703125,2.53564453125,2.2548828125,200,2016-06-20T14:12:38+09:00,00.0
21473,13468488,16803616,106307584,8589934592,34193408,2.220703125,2.53564453125,2.2548828125,200,2016-06-20T14:12:38+09:00,00.0
21473,13493048,16803616,105381888,8589934592,34217984,2.220703125,2.53564453125,2.2548828125,200,2016-06-20T14:12:38+09:00,00.0
21473,13517608,16803616,105431040,8589934592,34242560,2.220703125,2.53564453125,2.2548828125,200,2016-06-20T14:12:38+09:00,00.0
21473,13542168,16803616,105603072,8589934592,34267136,2.220703125,2.53564453125,2.2548828125,200,2016-06-20T14:12:38+09:00,00.0
21473,13566688,16803616,105652224,8589934592,34291712,2.220703125,2.53564453125,2.2548828125,200,2016-06-20T14:12:38+09:00,00.0
21473,13591248,16803616,103866368,8589934592,34312192,2.220703125,2.53564453125,2.2548828125,200,2016-06-20T14:12:39+09:00,00.0
21473,13616904,16803616,103964672,8589934592,34340864,2.220703125,2.53564453125,2.2548828125,200,2016-06-20T14:12:39+09:00,00.0
21473,13641464,16803616,104718336,8589934592,34365440,2.220703125,2.53564453125,2.2548828125,200,2016-06-20T14:12:39+09:00,00.0
21473,13665984,16803616,104816640,8589934592,34390016,2.220703125,2.53564453125,2.2548828125,200,2016-06-20T14:12:39+09:00,00.0
21473,13690544,16803616,104939520,8589934592,34414592,2.220703125,2.53564453125,2.2548828125,200,2016-06-20T14:12:39+09:00,00.0
21473,13715104,16803616,104988672,8589934592,34439168,2.220703125,2.53564453125,2.2548828125,200,2016-06-20T14:12:39+09:00,00.0
21473,13739664,16803616,105111552,8589934592,34463744,2.220703125,2.53564453125,2.2548828125,200,2016-06-20T14:12:39+09:00,00.0
21473,13764184,16803616,105160704,8589934592,34488320,2.220703125,2.53564453125,2.2548828125,200,2016-06-20T14:12:39+09:00,00.0
21473,13788744,16803616,105357312,8589934592,34512896,2.220703125,2.53564453125,2.2548828125,200,2016-06-20T14:12:39+09:00,00.0
21473,13813264,16803616,104382464,8589934592,34537472,2.220703125,2.53564453125,2.2548828125,200,2016-06-20T14:12:39+09:00,00.0
21473,13837824,16803616,104480768,8589934592,34562048,2.220703125,2.53564453125,2.2548828125,200,2016-06-20T14:12:39+09:00,00.0
21473,13862384,16803616,104579072,8589934592,34586624,2.220703125,2.53564453125,2.2548828125,200,2016-06-20T14:12:39+09:00,00.0
21473,13927952,16803616,105783296,8589934592,34852864,2.220703125,2.53564453125,2.2548828125,200,2016-06-20T14:12:39+09:00,00.0
21473,13952376,16803616,105881600,8589934592,34881536,2.220703125,2.53564453125,2.2548828125,200,2016-06-20T14:12:39+09:00,00.0
21473,13976840,16803616,106020864,8589934592,34902016,2.220703125,2.53564453125,2.2548828125,200,2016-06-20T14:12:39+09:00,00.0
21473,14001304,16803616,105021440,8589934592,34926592,2.220703125,2.53564453125,2.2548828125,200,2016-06-20T14:12:39+09:00,00.0
21473,14025768,16803616,105177088,8589934592,34951168,2.220703125,2.53564453125,2.2548828125,200,2016-06-20T14:12:39+09:00,00.0
21473,14050192,16803616,105250816,8589934592,34975744,2.220703125,2.53564453125,2.2548828125,200,2016-06-20T14:12:39+09:00,00.0
21473,14074656,16803616,104374272,8589934592,35000320,2.220703125,2.53564453125,2.2548828125,200,2016-06-20T14:12:39+09:00,00.0
21473,14099080,16803616,104448000,8589934592,35024896,2.220703125,2.53564453125,2.2548828125,200,2016-06-20T14:12:39+09:00,00.0
21473,14123544,16803616,104546304,8589934592,35049472,2.220703125,2.53564453125,2.2548828125,200,2016-06-20T14:12:39+09:00,00.0
21473,14148008,16803616,104669184,8589934592,35069952,2.220703125,2.53564453125,2.2548828125,200,2016-06-20T14:12:39+09:00,00.0
21473,14172472,16803616,96473088,8589934592,35094528,2.220703125,2.53564453125,2.2548828125,200,2016-06-20T14:12:39+09:00,00.0
21473,14196928,16803616,93028352,8589934592,35123200,2.220703125,2.53564453125,2.2548828125,200,2016-06-20T14:12:39+09:00,00.0
21473,14221384,16803616,91234304,8589934592,35147776,2.220703125,2.53564453125,2.2548828125,200,2016-06-20T14:12:39+09:00,00.0
21473,14245976,16803616,90091520,8589934592,35155968,2.220703125,2.53564453125,2.2548828125,200,2016-06-20T14:12:39+09:00,00.0
21473,14270432,16803616,87351296,8589934592,35155968,2.220703125,2.53564453125,2.2548828125,200,2016-06-20T14:12:39+09:00,00.0
21473,13455104,16803616,83283968,8589934592,34349056,2.220703125,2.53564453125,2.2548828125,200,2016-06-20T14:12:39+09:00,00.0
21473,13479520,16803616,109953024,8589934592,34377728,2.220703125,2.53564453125,2.2548828125,200,2016-06-20T14:12:39+09:00,00.0
21473,13503984,16803616,109125632,8589934592,34402304,2.220703125,2.53564453125,2.2548828125,200,2016-06-20T14:12:39+09:00,00.0
21473,13528408,16803616,107261952,8589934592,34426880,2.220703125,2.53564453125,2.2548828125,200,2016-06-20T14:12:40+09:00,00.0
21473,13553968,16803616,107466752,8589934592,34451456,2.220703125,2.53564453125,2.2548828125,200,2016-06-20T14:12:40+09:00,00.0
21473,13578392,16803616,106758144,8589934592,34476032,2.220703125,2.53564453125,2.2548828125,200,2016-06-20T14:12:40+09:00,00.0
21473,13602856,16803616,104882176,8589934592,34500608,2.220703125,2.53564453125,2.2548828125,200,2016-06-20T14:12:40+09:00,00.0
21473,13702440,16803616,117727232,8589934592,34594816,2.220703125,2.53564453125,2.2548828125,200,2016-06-20T14:12:41+09:00,00.4
21473,13728248,16803616,117850112,8589934592,34623488,2.220703125,2.53564453125,2.2548828125,200,2016-06-20T14:12:41+09:00,00.4
21473,13752712,16803616,117923840,8589934592,34648064,2.220703125,2.53564453125,2.2548828125,200,2016-06-20T14:12:41+09:00,00.4
21473,13777136,16803616,115900416,8589934592,34672640,2.220703125,2.53564453125,2.2548828125,200,2016-06-20T14:12:41+09:00,00.4
21473,13801600,16803616,112828416,8589934592,34697216,2.220703125,2.53564453125,2.2548828125,200,2016-06-20T14:12:41+09:00,00.4
21473,13826024,16803616,109838336,8589934592,34721792,2.220703125,2.53564453125,2.2548828125,200,2016-06-20T14:12:41+09:00,00.5
21473,13850488,16803616,109985792,8589934592,34746368,2.220703125,2.53564453125,2.2548828125,200,2016-06-20T14:12:41+09:00,00.5
21473,13874952,16803616,110125056,8589934592,34770944,2.220703125,2.53564453125,2.2548828125,200,2016-06-20T14:12:41+09:00,00.5
21473,13899376,16803616,110292992,8589934592,34791424,2.220703125,2.53564453125,2.2548828125,200,2016-06-20T14:12:41+09:00,00.5
21473,13923800,16803616,108294144,8589934592,34816000,2.220703125,2.53564453125,2.2548828125,200,2016-06-20T14:12:41+09:00,00.5
21473,13948264,16803616,104624128,8589934592,34840576,2.220703125,2.53564453125,2.2548828125,200,2016-06-20T14:12:41+09:00,00.6
21473,13972688,16803616,104448000,8589934592,34869248,2.220703125,2.53564453125,2.2548828125,200,2016-06-20T14:12:41+09:00,00.6
21473,13997152,16803616,105046016,8589934592,34893824,2.220703125,2.53564453125,2.2548828125,200,2016-06-20T14:12:41+09:00,00.6
21473,14021576,16803616,104198144,8589934592,34918400,2.220703125,2.53564453125,2.2548828125,200,2016-06-20T14:12:41+09:00,00.6
21473,14047016,16803616,104525824,8589934592,34942976,2.220703125,2.53564453125,2.2548828125,200,2016-06-20T14:12:41+09:00,00.6
21473,14077016,16803616,104673280,8589934592,34975744,2.220703125,2.53564453125,2.2548828125,200,2016-06-20T14:12:41+09:00,00.7
21473,14112392,16803616,104787968,8589934592,35008512,2.220703125,2.53564453125,2.2548828125,200,2016-06-20T14:12:41+09:00,00.7
21473,14137288,16803616,103051264,8589934592,35033088,2.220703125,2.53564453125,2.2548828125,200,2016-06-20T14:12:41+09:00,00.7
21473,14161712,16803616,101355520,8589934592,35057664,2.220703125,2.53564453125,2.2548828125,200,2016-06-20T14:12:41+09:00,00.7
21473,14186136,16803616,101470208,8589934592,35082240,2.220703125,2.53564453125,2.2548828125,200,2016-06-20T14:12:41+09:00,00.7
21473,14210560,16803616,99667968,8589934592,35106816,2.220703125,2.53564453125,2.2548828125,200,2016-06-20T14:12:41+09:00,00.8
21473,14234968,16803616,99815424,8589934592,35131392,2.220703125,2.53564453125,2.2548828125,200,2016-06-20T14:12:41+09:00,00.8
21473,14259376,16803616,97824768,8589934592,35151872,2.220703125,2.53564453125,2.2548828125,200,2016-06-20T14:12:41+09:00,00.8
21473,14283824,16803616,97890304,8589934592,35176448,2.220703125,2.53564453125,2.2548828125,200,2016-06-20T14:12:41+09:00,00.8
21473,14308272,16803616,96112640,8589934592,35201024,2.220703125,2.53564453125,2.2548828125,200,2016-06-20T14:12:41+09:00,00.8
21473,14332680,16803616,96161792,8589934592,35225600,2.220703125,2.53564453125,2.2548828125,200,2016-06-20T14:12:41+09:00,00.9
21473,14357128,16803616,96210944,8589934592,35254272,2.220703125,2.53564453125,2.2548828125,200,2016-06-20T14:12:41+09:00,00.9
21473,14381536,16803616,93163520,8589934592,35270656,2.220703125,2.53564453125,2.2548828125,200,2016-06-20T14:12:41+09:00,00.9
21473,13572272,16803616,91176960,8589934592,34447360,2.220703125,2.53564453125,2.2548828125,200,2016-06-20T14:12:41+09:00,00.9
21473,13596720,16803616,89153536,8589934592,34471936,2.220703125,2.53564453125,2.2548828125,200,2016-06-20T14:12:41+09:00,00.9
21473,13621168,16803616,87228416,8589934592,34492416,2.220703125,2.53564453125,2.2548828125,200,2016-06-20T14:12:41+09:00,01.0
21473,13645624,16803616,86228992,8589934592,34516992,2.220703125,2.53564453125,2.2548828125,200,2016-06-20T14:12:41+09:00,01.0
21473,13670080,16803616,84180992,8589934592,34545664,2.220703125,2.53564453125,2.2548828125,200,2016-06-20T14:12:41+09:00,01.0
21473,13694536,16803616,82182144,8589934592,34570240,2.220703125,2.53564453125,2.2548828125,200,2016-06-20T14:12:41+09:00,01.0
21473,13718992,16803616,79126528,8589934592,34594816,2.220703125,2.53564453125,2.2548828125,200,2016-06-20T14:12:41+09:00,01.0
21473,13743408,16803616,77152256,8589934592,34619392,2.220703125,2.53564453125,2.2548828125,200,2016-06-20T14:12:41+09:00,01.1
21473,13767864,16803616,74104832,8589934592,34643968,2.220703125,2.53564453125,2.2548828125,200,2016-06-20T14:12:41+09:00,01.1
21473,13792320,16803616,74153984,8589934592,34668544,2.220703125,2.53564453125,2.2548828125,200,2016-06-20T14:12:41+09:00,01.1
21473,13816776,16803616,74317824,8589934592,34689024,2.220703125,2.53564453125,2.2548828125,200,2016-06-20T14:12:41+09:00,01.1
21473,13841232,16803616,73502720,8589934592,34713600,2.220703125,2.53564453125,2.2548828125,200,2016-06-20T14:12:41+09:00,01.1
21473,13875352,16803616,72593408,8589934592,34754560,2.220703125,2.53564453125,2.2548828125,200,2016-06-20T14:12:41+09:00,01.2
21473,13909392,16803616,73211904,8589934592,34783232,2.220703125,2.53564453125,2.2548828125,200,2016-06-20T14:12:41+09:00,01.2
21473,13933848,16803616,70324224,8589934592,34807808,2.220703125,2.53564453125,2.2548828125,200,2016-06-20T14:12:41+09:00,01.2
21473,13958264,16803616,70430720,8589934592,34832384,2.220703125,2.53564453125,2.2548828125,200,2016-06-20T14:12:41+09:00,01.2
21473,13982720,16803616,70709248,8589934592,34856960,2.220703125,2.53564453125,2.2548828125,200,2016-06-20T14:12:41+09:00,01.2
21473,14007136,16803616,70848512,8589934592,34881536,2.220703125,2.53564453125,2.2548828125,200,2016-06-20T14:12:42+09:00,01.3
21473,14032728,16803616,67751936,8589934592,34906112,2.220703125,2.53564453125,2.2548828125,200,2016-06-20T14:12:42+09:00,01.3
21473,14057144,16803616,67932160,8589934592,34930688,2.220703125,2.53564453125,2.2548828125,200,2016-06-20T14:12:42+09:00,01.3
21473,14081600,16803616,68030464,8589934592,34955264,2.220703125,2.53564453125,2.2548828125,200,2016-06-20T14:12:42+09:00,01.3
21473,14106016,16803616,68218880,8589934592,34983936,2.220703125,2.53564453125,2.2548828125,200,2016-06-20T14:12:42+09:00,01.3
21473,14130432,16803616,68268032,8589934592,35008512,2.220703125,2.53564453125,2.2548828125,200,2016-06-20T14:12:42+09:00,01.4
21473,14154848,16803616,67342336,8589934592,35028992,2.220703125,2.53564453125,2.2548828125,200,2016-06-20T14:12:42+09:00,01.4
21473,14179304,16803616,63221760,8589934592,35053568,2.220703125,2.53564453125,2.2548828125,200,2016-06-20T14:12:42+09:00,01.4
21473,14203720,16803616,59076608,8589934592,35078144,2.220703125,2.53564453125,2.2548828125,200,2016-06-20T14:12:42+09:00,01.4
21473,14228176,16803616,58171392,8589934592,35102720,2.220703125,2.53564453125,2.2548828125,200,2016-06-20T14:12:42+09:00,01.4
21473,14252592,16803616,55164928,8589934592,35127296,2.220703125,2.53564453125,2.2548828125,200,2016-06-20T14:12:42+09:00,01.5
21473,14277048,16803616,55721984,8589934592,35151872,2.220703125,2.53564453125,2.2548828125,200,2016-06-20T14:12:42+09:00,01.5
21473,14301504,16803616,54816768,8589934592,35176448,2.36279296875,2.5595703125,2.2646484375,200,2016-06-20T14:12:42+09:00,01.5
21473,14326080,16803616,55988224,8589934592,35205120,2.36279296875,2.5595703125,2.2646484375,200,2016-06-20T14:12:42+09:00,01.5
21473,14350496,16803616,54378496,8589934592,35225600,2.36279296875,2.5595703125,2.2646484375,200,2016-06-20T14:12:42+09:00,01.5
21473,14374952,16803616,54108160,8589934592,35250176,2.36279296875,2.5595703125,2.2646484375,200,2016-06-20T14:12:42+09:00,01.6
21473,14399368,16803616,51101696,8589934592,35274752,2.36279296875,2.5595703125,2.2646484375,200,2016-06-20T14:12:42+09:00,01.6
21473,14423824,16803616,49999872,8589934592,35299328,2.36279296875,2.5595703125,2.2646484375,200,2016-06-20T14:12:42+09:00,01.6
21473,14448416,16803616,50233344,8589934592,35323904,2.36279296875,2.5595703125,2.2646484375,200,2016-06-20T14:12:42+09:00,01.6
21473,14472872,16803616,49582080,8589934592,35348480,2.36279296875,2.5595703125,2.2646484375,200,2016-06-20T14:12:42+09:00,01.6
21473,14497288,16803616,48631808,8589934592,35373056,2.36279296875,2.5595703125,2.2646484375,200,2016-06-20T14:12:42+09:00,01.7
21473,14521744,16803616,49041408,8589934592,35397632,2.36279296875,2.5595703125,2.2646484375,200,2016-06-20T14:12:42+09:00,01.7
21473,13714896,16803616,45993984,8589934592,34611200,2.36279296875,2.5595703125,2.2646484375,200,2016-06-20T14:12:42+09:00,01.7
21473,13739312,16803616,46059520,8589934592,34635776,2.36279296875,2.5595703125,2.2646484375,200,2016-06-20T14:12:42+09:00,01.7
21473,13763768,16803616,46157824,8589934592,34660352,2.36279296875,2.5595703125,2.2646484375,200,2016-06-20T14:12:42+09:00,01.7
21473,13788184,16803616,46256128,8589934592,34684928,2.36279296875,2.5595703125,2.2646484375,200,2016-06-20T14:12:42+09:00,01.8
21473,13812640,16803616,44408832,8589934592,34709504,2.36279296875,2.5595703125,2.2646484375,200,2016-06-20T14:12:42+09:00,01.8
21473,13837056,16803616,41500672,8589934592,34729984,2.36279296875,2.5595703125,2.2646484375,200,2016-06-20T14:12:42+09:00,01.8
21473,13861512,16803616,41648128,8589934592,34754560,2.36279296875,2.5595703125,2.2646484375,200,2016-06-20T14:12:42+09:00,01.8
21473,13885968,16803616,49037312,8589934592,34783232,2.36279296875,2.5595703125,2.2646484375,200,2016-06-20T14:12:42+09:00,01.8
21473,13910424,16803616,49139712,8589934592,34807808,2.36279296875,2.5595703125,2.2646484375,200,2016-06-20T14:12:42+09:00,01.9
21473,13934840,16803616,49262592,8589934592,34832384,2.36279296875,2.5595703125,2.2646484375,200,2016-06-20T14:12:42+09:00,01.9
21473,13959296,16803616,49442816,8589934592,34856960,2.36279296875,2.5595703125,2.2646484375,200,2016-06-20T14:12:42+09:00,01.9
21473,13983712,16803616,49491968,8589934592,34881536,2.36279296875,2.5595703125,2.2646484375,200,2016-06-20T14:12:42+09:00,01.9
21473,14008168,16803616,49639424,8589934592,34902016,2.36279296875,2.5595703125,2.2646484375,200,2016-06-20T14:12:42+09:00,01.9
21473,14032584,16803616,49713152,8589934592,34926592,2.36279296875,2.5595703125,2.2646484375,200,2016-06-20T14:12:42+09:00,02.0
21473,14057000,16803616,49786880,8589934592,34951168,2.36279296875,2.5595703125,2.2646484375,200,2016-06-20T14:12:42+09:00,02.0
21473,14081416,16803616,49909760,8589934592,34975744,2.36279296875,2.5595703125,2.2646484375,200,2016-06-20T14:12:42+09:00,02.0
21473,14105832,16803616,49983488,8589934592,35000320,2.36279296875,2.5595703125,2.2646484375,200,2016-06-20T14:12:42+09:00,02.0
21473,14130248,16803616,49029120,8589934592,35024896,2.36279296875,2.5595703125,2.2646484375,200,2016-06-20T14:12:42+09:00,02.0
21473,14154664,16803616,49225728,8589934592,35053568,2.36279296875,2.5595703125,2.2646484375,200,2016-06-20T14:12:42+09:00,02.1
21473,14179080,16803616,49348608,8589934592,35078144,2.36279296875,2.5595703125,2.2646484375,200,2016-06-20T14:12:42+09:00,02.1
21473,14203576,16803616,49446912,8589934592,35098624,2.36279296875,2.5595703125,2.2646484375,200,2016-06-20T14:12:42+09:00,02.1
21473,14228032,16803616,49586176,8589934592,35123200,2.36279296875,2.5595703125,2.2646484375,200,2016-06-20T14:12:42+09:00,02.1
21473,14252448,16803616,48979968,8589934592,35147776,2.36279296875,2.5595703125,2.2646484375,200,2016-06-20T14:12:42+09:00,02.1
21473,14276864,16803616,49053696,8589934592,35172352,2.36279296875,2.5595703125,2.2646484375,200,2016-06-20T14:12:42+09:00,02.2
21473,14301320,16803616,47931392,8589934592,35196928,2.36279296875,2.5595703125,2.2646484375,200,2016-06-20T14:12:42+09:00,02.2
21473,14325736,16803616,49479680,8589934592,35221504,2.36279296875,2.5595703125,2.2646484375,200,2016-06-20T14:12:42+09:00,02.2
21473,14350192,16803616,49577984,8589934592,35246080,2.36279296875,2.5595703125,2.2646484375,200,2016-06-20T14:12:42+09:00,02.2
21473,14374648,16803616,48726016,8589934592,35270656,2.36279296875,2.5595703125,2.2646484375,200,2016-06-20T14:12:42+09:00,02.2
21473,14399104,16803616,51712000,8589934592,35295232,2.36279296875,2.5595703125,2.2646484375,200,2016-06-20T14:12:43+09:00,02.3
21473,14424656,16803616,51761152,8589934592,35323904,2.36279296875,2.5595703125,2.2646484375,200,2016-06-20T14:12:43+09:00,02.3
21473,14449112,16803616,52064256,8589934592,35344384,2.36279296875,2.5595703125,2.2646484375,200,2016-06-20T14:12:43+09:00,02.3
21473,14473528,16803616,52715520,8589934592,35368960,2.36279296875,2.5595703125,2.2646484375,200,2016-06-20T14:12:43+09:00,02.3
21473,14497944,16803616,51740672,8589934592,35393536,2.36279296875,2.5595703125,2.2646484375,200,2016-06-20T14:12:43+09:00,02.3
21473,14522400,16803616,51888128,8589934592,35418112,2.36279296875,2.5595703125,2.2646484375,200,2016-06-20T14:12:43+09:00,02.4
21473,14546856,16803616,50987008,8589934592,35442688,2.36279296875,2.5595703125,2.2646484375,200,2016-06-20T14:12:43+09:00,02.4
21473,14571312,16803616,51085312,8589934592,35467264,2.36279296875,2.5595703125,2.2646484375,200,2016-06-20T14:12:43+09:00,02.4
21473,14595808,16803616,51257344,8589934592,35491840,2.36279296875,2.5595703125,2.2646484375,200,2016-06-20T14:12:43+09:00,02.4
21473,14620224,16803616,51355648,8589934592,35512320,2.36279296875,2.5595703125,2.2646484375,200,2016-06-20T14:12:43+09:00,02.4
21473,13806272,16803616,52502528,8589934592,34701312,2.36279296875,2.5595703125,2.2646484375,200,2016-06-20T14:12:43+09:00,02.5
21473,13830728,16803616,52649984,8589934592,34729984,2.36279296875,2.5595703125,2.2646484375,200,2016-06-20T14:12:43+09:00,02.5
21473,13855144,16803616,51699712,8589934592,34754560,2.36279296875,2.5595703125,2.2646484375,200,2016-06-20T14:12:43+09:00,02.5
21473,13879560,16803616,50991104,8589934592,34775040,2.36279296875,2.5595703125,2.2646484375,200,2016-06-20T14:12:43+09:00,02.5
21473,13903976,16803616,51113984,8589934592,34799616,2.36279296875,2.5595703125,2.2646484375,200,2016-06-20T14:12:43+09:00,02.5
21473,13928432,16803616,55013376,8589934592,34824192,2.36279296875,2.5595703125,2.2646484375,200,2016-06-20T14:12:43+09:00,02.6
21473,13952888,16803616,55209984,8589934592,34848768,2.36279296875,2.5595703125,2.2646484375,200,2016-06-20T14:12:43+09:00,02.6
21473,13977344,16803616,55332864,8589934592,34873344,2.36279296875,2.5595703125,2.2646484375,200,2016-06-20T14:12:43+09:00,02.6
21473,14001760,16803616,55382016,8589934592,34897920,2.36279296875,2.5595703125,2.2646484375,200,2016-06-20T14:12:43+09:00,02.6
21473,14026216,16803616,55504896,8589934592,34922496,2.36279296875,2.5595703125,2.2646484375,200,2016-06-20T14:12:43+09:00,02.6
21473,14050632,16803616,54292480,8589934592,34942976,2.36279296875,2.5595703125,2.2646484375,200,2016-06-20T14:12:43+09:00,02.7
21473,14075048,16803616,53342208,8589934592,34971648,2.36279296875,2.5595703125,2.2646484375,200,2016-06-20T14:12:43+09:00,02.7
21473,14099464,16803616,53579776,8589934592,34996224,2.36279296875,2.5595703125,2.2646484375,200,2016-06-20T14:12:43+09:00,02.7
21473,14123920,16803616,53809152,8589934592,35020800,2.36279296875,2.5595703125,2.2646484375,200,2016-06-20T14:12:43+09:00,02.7
21473,14148336,16803616,52875264,8589934592,35045376,2.36279296875,2.5595703125,2.2646484375,200,2016-06-20T14:12:43+09:00,02.7
21473,14172792,16803616,52436992,8589934592,35069952,2.36279296875,2.5595703125,2.2646484375,200,2016-06-20T14:12:43+09:00,02.8
21473,14197208,16803616,52633600,8589934592,35094528,2.36279296875,2.5595703125,2.2646484375,200,2016-06-20T14:12:43+09:00,02.8
21473,14221664,16803616,51699712,8589934592,35119104,2.36279296875,2.5595703125,2.2646484375,200,2016-06-20T14:12:43+09:00,02.8
21473,14246080,16803616,50724864,8589934592,35139584,2.36279296875,2.5595703125,2.2646484375,200,2016-06-20T14:12:43+09:00,02.8
21473,14270536,16803616,50872320,8589934592,35164160,2.36279296875,2.5595703125,2.2646484375,200,2016-06-20T14:12:43+09:00,02.8
21473,14294992,16803616,49971200,8589934592,35188736,2.36279296875,2.5595703125,2.2646484375,200,2016-06-20T14:12:43+09:00,02.9
21473,14319448,16803616,46952448,8589934592,35213312,2.36279296875,2.5595703125,2.2646484375,200,2016-06-20T14:12:43+09:00,02.9
21473,14343864,16803616,46059520,8589934592,35241984,2.36279296875,2.5595703125,2.2646484375,200,2016-06-20T14:12:43+09:00,02.9
21473,14368320,16803616,46157824,8589934592,35266560,2.36279296875,2.5595703125,2.2646484375,200,2016-06-20T14:12:43+09:00,02.9
21473,14392736,16803616,46264320,8589934592,35291136,2.36279296875,2.5595703125,2.2646484375,200,2016-06-20T14:12:43+09:00,02.9
21473,14417192,16803616,43266048,8589934592,35315712,2.36279296875,2.5595703125,2.2646484375,200,2016-06-20T14:12:43+09:00,03.0
21473,14441608,16803616,43364352,8589934592,35336192,2.36279296875,2.5595703125,2.2646484375,200,2016-06-20T14:12:43+09:00,03.0
21473,14466024,16803616,42397696,8589934592,35360768,2.36279296875,2.5595703125,2.2646484375,200,2016-06-20T14:12:43+09:00,03.0
21473,14490440,16803616,42565632,8589934592,35385344,2.36279296875,2.5595703125,2.2646484375,200,2016-06-20T14:12:43+09:00,03.0
21473,14514896,16803616,42024960,8589934592,35409920,2.36279296875,2.5595703125,2.2646484375,200,2016-06-20T14:12:43+09:00,03.0
21473,14539320,16803616,42188800,8589934592,35434496,2.36279296875,2.5595703125,2.2646484375,200,2016-06-20T14:12:43+09:00,03.1
21473,14563952,16803616,39256064,8589934592,35459072,2.36279296875,2.5595703125,2.2646484375,200,2016-06-20T14:12:43+09:00,03.1
21473,14588408,16803616,38350848,8589934592,35487744,2.36279296875,2.5595703125,2.2646484375,200,2016-06-20T14:12:43+09:00,03.1
21473,14612864,16803616,37400576,8589934592,35512320,2.36279296875,2.5595703125,2.2646484375,200,2016-06-20T14:12:43+09:00,03.1
21473,14637280,16803616,36843520,8589934592,35532800,2.36279296875,2.5595703125,2.2646484375,200,2016-06-20T14:12:43+09:00,03.1
21473,14661696,16803616,35930112,8589934592,35557376,2.36279296875,2.5595703125,2.2646484375,200,2016-06-20T14:12:43+09:00,03.2
21473,14686152,16803616,35020800,8589934592,35586048,2.36279296875,2.5595703125,2.2646484375,200,2016-06-20T14:12:43+09:00,03.2
21473,14710608,16803616,34775040,8589934592,35610624,2.36279296875,2.5595703125,2.2646484375,200,2016-06-20T14:12:43+09:00,03.2
21473,14735024,16803616,35041280,8589934592,35627008,2.36279296875,2.5595703125,2.2646484375,200,2016-06-20T14:12:43+09:00,03.2
21473,13917856,17818912,32247808,8589934592,34816000,2.36279296875,2.5595703125,2.2646484375,200,2016-06-20T14:12:43+09:00,03.2
21473,13942344,17818912,34238464,8589934592,34844672,2.36279296875,2.5595703125,2.2646484375,200,2016-06-20T14:12:44+09:00,03.3
21473,13967896,17818912,33705984,8589934592,34869248,2.36279296875,2.5595703125,2.2646484375,200,2016-06-20T14:12:44+09:00,03.3
21473,13992312,17818912,32825344,8589934592,34893824,2.36279296875,2.5595703125,2.2646484375,200,2016-06-20T14:12:44+09:00,03.3
21473,14016728,17818912,32268288,8589934592,34918400,2.36279296875,2.5595703125,2.2646484375,200,2016-06-20T14:12:44+09:00,03.3
21473,14041144,17818912,32391168,8589934592,34942976,2.36279296875,2.5595703125,2.2646484375,200,2016-06-20T14:12:44+09:00,03.3
21473,14065600,17818912,31596544,8589934592,34967552,2.36279296875,2.5595703125,2.2646484375,200,2016-06-20T14:12:44+09:00,03.4
21473,14090056,17818912,31719424,8589934592,34988032,2.36279296875,2.5595703125,2.2646484375,200,2016-06-20T14:12:44+09:00,03.4
21473,14114512,17818912,31842304,8589934592,35012608,2.36279296875,2.5595703125,2.2646484375,200,2016-06-20T14:12:44+09:00,03.4
21473,14138968,17818912,31916032,8589934592,35037184,2.36279296875,2.5595703125,2.2646484375,200,2016-06-20T14:12:44+09:00,03.4
21473,14163424,17818912,32014336,8589934592,35061760,2.36279296875,2.5595703125,2.2646484375,200,2016-06-20T14:12:44+09:00,03.4
21473,14187880,17818912,31408128,8589934592,35086336,2.36279296875,2.5595703125,2.2646484375,200,2016-06-20T14:12:44+09:00,03.5
21473,14212336,17818912,31502336,8589934592,35110912,2.36279296875,2.5595703125,2.2646484375,200,2016-06-20T14:12:44+09:00,03.5
21473,14239944,17818912,30625792,8589934592,35139584,2.36279296875,2.5595703125,2.2646484375,200,2016-06-20T14:12:44+09:00,03.5
21473,14264360,17818912,29741056,8589934592,35164160,2.36279296875,2.5595703125,2.2646484375,200,2016-06-20T14:12:44+09:00,03.5
21473,14288816,17818912,29110272,8589934592,35188736,2.36279296875,2.5595703125,2.2646484375,200,2016-06-20T14:12:44+09:00,03.5
21473,14313232,17818912,28151808,8589934592,35213312,2.36279296875,2.5595703125,2.2646484375,200,2016-06-20T14:12:44+09:00,03.6
21473,14337648,17818912,27328512,8589934592,35237888,2.36279296875,2.5595703125,2.2646484375,200,2016-06-20T14:12:44+09:00,03.6
21473,14362104,17818912,27426816,8589934592,35262464,2.36279296875,2.5595703125,2.2646484375,200,2016-06-20T14:12:44+09:00,03.6
21473,14386560,17818912,27557888,8589934592,35287040,2.36279296875,2.5595703125,2.2646484375,200,2016-06-20T14:12:44+09:00,03.6
21473,14411016,17818912,27820032,8589934592,35311616,2.36279296875,2.5595703125,2.2646484375,200,2016-06-20T14:12:44+09:00,03.6
21473,14435472,17818912,26820608,8589934592,35336192,2.36279296875,2.5595703125,2.2646484375,200,2016-06-20T14:12:44+09:00,03.7
21473,14459928,17818912,27148288,8589934592,35360768,2.36279296875,2.5595703125,2.2646484375,200,2016-06-20T14:12:44+09:00,03.7
21473,14484384,17818912,23064576,8589934592,35381248,2.36279296875,2.5595703125,2.2646484375,200,2016-06-20T14:12:44+09:00,03.7
21473,14508800,17818912,23113728,8589934592,35405824,2.36279296875,2.5595703125,2.2646484375,200,2016-06-20T14:12:44+09:00,03.7
21473,14533256,17818912,23212032,8589934592,35434496,2.36279296875,2.5595703125,2.2646484375,200,2016-06-20T14:12:44+09:00,03.7
21473,14557672,17818912,23285760,8589934592,35459072,2.36279296875,2.5595703125,2.2646484375,200,2016-06-20T14:12:44+09:00,03.8
21473,14582088,17818912,23404544,8589934592,35483648,2.36279296875,2.5595703125,2.2646484375,200,2016-06-20T14:12:44+09:00,03.8
21473,14606504,17818912,20353024,8589934592,35508224,2.36279296875,2.5595703125,2.2646484375,200,2016-06-20T14:12:44+09:00,03.8
21473,14630920,17818912,20803584,8589934592,35532800,2.36279296875,2.5595703125,2.2646484375,200,2016-06-20T14:12:44+09:00,03.8
21473,14655336,17818912,20852736,8589934592,35553280,2.36279296875,2.5595703125,2.2646484375,200,2016-06-20T14:12:44+09:00,03.8
21473,14679832,17818912,20369408,8589934592,35577856,2.36279296875,2.5595703125,2.2646484375,200,2016-06-20T14:12:44+09:00,03.9
21473,14704248,17818912,20205568,8589934592,35602432,2.36279296875,2.5595703125,2.2646484375,200,2016-06-20T14:12:44+09:00,03.9
21473,14728704,17818912,19238912,8589934592,35627008,2.36279296875,2.5595703125,2.2646484375,200,2016-06-20T14:12:44+09:00,03.9
21473,14753120,17818912,19386368,8589934592,35651584,2.36279296875,2.5595703125,2.2646484375,200,2016-06-20T14:12:44+09:00,03.9
21473,14777576,17818912,18419712,8589934592,35676160,2.36279296875,2.5595703125,2.2646484375,200,2016-06-20T14:12:44+09:00,03.9
21473,14801992,17818912,18518016,8589934592,35704832,2.36279296875,2.5595703125,2.2646484375,200,2016-06-20T14:12:44+09:00,04.0
21473,14826408,17818912,16617472,8589934592,35729408,2.36279296875,2.5595703125,2.2646484375,200,2016-06-20T14:12:44+09:00,04.0
21473,14850824,17818912,16666624,8589934592,35741696,2.36279296875,2.5595703125,2.2646484375,200,2016-06-20T14:12:44+09:00,04.0
21473,14037136,17818912,16838656,8589934592,35835904,2.36279296875,2.5595703125,2.2646484375,200,2016-06-20T14:12:44+09:00,04.0
21473,14061552,17818912,16986112,8589934592,35835904,2.36279296875,2.5595703125,2.2646484375,200,2016-06-20T14:12:44+09:00,04.0
21473,14085936,17818912,17100800,8589934592,35835904,2.36279296875,2.5595703125,2.2646484375,200,2016-06-20T14:12:44+09:00,04.1
21473,14110320,17818912,15552512,8589934592,35835904,2.36279296875,2.5595703125,2.2646484375,200,2016-06-20T14:12:44+09:00,04.1
21473,14134744,17818912,15724544,8589934592,35835904,2.36279296875,2.5595703125,2.2646484375,200,2016-06-20T14:12:44+09:00,04.1
21473,14159160,17818912,15847424,8589934592,35835904,2.36279296875,2.5595703125,2.2646484375,200,2016-06-20T14:12:44+09:00,04.1
21473,14183544,17818912,15945728,8589934592,35835904,2.36279296875,2.5595703125,2.2646484375,200,2016-06-20T14:12:44+09:00,04.1
21473,14207960,17818912,18366464,8589934592,35835904,2.36279296875,2.5595703125,2.2646484375,200,2016-06-20T14:12:44+09:00,04.2
21473,14232416,17818912,18464768,8589934592,35835904,2.36279296875,2.5595703125,2.2646484375,200,2016-06-20T14:12:44+09:00,04.2
21473,14256840,17818912,18612224,8589934592,35835904,2.36279296875,2.5595703125,2.2646484375,200,2016-06-20T14:12:44+09:00,04.2
21473,14281264,17818912,16687104,8589934592,35835904,2.36279296875,2.5595703125,2.2646484375,200,2016-06-20T14:12:44+09:00,04.2
21473,14305648,17818912,17969152,8589934592,35840000,2.36279296875,2.5595703125,2.2646484375,200,2016-06-20T14:12:45+09:00,04.2
21473,14331448,17818912,18067456,8589934592,35840000,2.36279296875,2.5595703125,2.2646484375,200,2016-06-20T14:12:45+09:00,04.3
21473,14359408,17818912,19156992,8589934592,35844096,2.36279296875,2.5595703125,2.2646484375,200,2016-06-20T14:12:45+09:00,04.3
21473,14383824,17818912,19206144,8589934592,35844096,2.36279296875,2.5595703125,2.2646484375,200,2016-06-20T14:12:45+09:00,04.3
21473,14408248,17818912,19279872,8589934592,35844096,2.36279296875,2.5595703125,2.2646484375,200,2016-06-20T14:12:45+09:00,04.3
21473,14432632,17818912,19378176,8589934592,35844096,2.36279296875,2.5595703125,2.2646484375,200,2016-06-20T14:12:45+09:00,04.3
21473,14457048,17818912,22441984,8589934592,35844096,2.36279296875,2.5595703125,2.2646484375,200,2016-06-20T14:12:45+09:00,04.4
21473,14481464,17818912,22540288,8589934592,35844096,2.36279296875,2.5595703125,2.2646484375,200,2016-06-20T14:12:45+09:00,04.4
21473,14505880,17818912,21614592,8589934592,35848192,2.36279296875,2.5595703125,2.2646484375,200,2016-06-20T14:12:45+09:00,04.4
21473,14530376,17818912,20615168,8589934592,35848192,2.36279296875,2.5595703125,2.2646484375,200,2016-06-20T14:12:45+09:00,04.4
21473,14554832,17818912,20004864,8589934592,35848192,2.36279296875,2.5595703125,2.2646484375,200,2016-06-20T14:12:45+09:00,04.4
21473,14579288,17818912,20238336,8589934592,35848192,2.36279296875,2.5595703125,2.2646484375,200,2016-06-20T14:12:45+09:00,04.5
21473,14605048,17818912,20312064,8589934592,35848192,2.36279296875,2.5595703125,2.2646484375,200,2016-06-20T14:12:45+09:00,04.5
21473,14629504,17818912,20410368,8589934592,35848192,2.36279296875,2.5595703125,2.2646484375,200,2016-06-20T14:12:45+09:00,04.5
21473,14653960,17818912,20557824,8589934592,35848192,2.36279296875,2.5595703125,2.2646484375,200,2016-06-20T14:12:45+09:00,04.5
21473,14678592,17818912,21733376,8589934592,35848192,2.36279296875,2.5595703125,2.2646484375,200,2016-06-20T14:12:45+09:00,04.5
21473,14703048,17818912,22134784,8589934592,35852288,2.36279296875,2.5595703125,2.2646484375,200,2016-06-20T14:12:45+09:00,04.6
21473,14727504,17818912,22282240,8589934592,35852288,2.36279296875,2.5595703125,2.2646484375,200,2016-06-20T14:12:45+09:00,04.6
21473,14751928,17818912,20414464,8589934592,35852288,2.36279296875,2.5595703125,2.2646484375,200,2016-06-20T14:12:45+09:00,04.6
21473,14776392,17818912,19496960,8589934592,35852288,2.36279296875,2.5595703125,2.2646484375,200,2016-06-20T14:12:45+09:00,04.6
21473,14800816,17818912,18595840,8589934592,35852288,2.36279296875,2.5595703125,2.2646484375,200,2016-06-20T14:12:45+09:00,04.6
21473,14825240,17818912,18931712,8589934592,35852288,2.36279296875,2.5595703125,2.2646484375,200,2016-06-20T14:12:45+09:00,04.7
21473,14849624,17818912,18980864,8589934592,35852288,2.36279296875,2.5595703125,2.2646484375,200,2016-06-20T14:12:45+09:00,04.7
21473,14874008,17818912,15958016,8589934592,35852288,2.36279296875,2.5595703125,2.2646484375,200,2016-06-20T14:12:45+09:00,04.7
21473,14898432,17818912,16080896,8589934592,35852288,2.36279296875,2.5595703125,2.2646484375,200,2016-06-20T14:12:45+09:00,04.7
21473,14922816,17818912,16203776,8589934592,35852288,2.36279296875,2.5595703125,2.2646484375,200,2016-06-20T14:12:45+09:00,04.7
21473,14947240,17818912,16351232,8589934592,35852288,2.36279296875,2.5595703125,2.2646484375,200,2016-06-20T14:12:45+09:00,04.8
21473,14971664,17818912,19615744,8589934592,35856384,2.36279296875,2.5595703125,2.2646484375,200,2016-06-20T14:12:45+09:00,04.8
21473,14162800,17818912,20082688,8589934592,35950592,2.36279296875,2.5595703125,2.2646484375,200,2016-06-20T14:12:45+09:00,04.8
21473,14187216,17818912,19165184,8589934592,35950592,2.36279296875,2.5595703125,2.2646484375,200,2016-06-20T14:12:45+09:00,04.8
21473,14211600,17818912,18288640,8589934592,35950592,2.36279296875,2.5595703125,2.2646484375,200,2016-06-20T14:12:45+09:00,04.8
21473,14235984,17818912,15192064,8589934592,35950592,2.36279296875,2.5595703125,2.2646484375,200,2016-06-20T14:12:45+09:00,04.9
21473,14260400,17818912,15339520,8589934592,35950592,2.36279296875,2.5595703125,2.2646484375,200,2016-06-20T14:12:45+09:00,04.9
21473,14284816,17818912,16175104,8589934592,35950592,2.36279296875,2.5595703125,2.2646484375,200,2016-06-20T14:12:45+09:00,04.9
21473,14309232,17818912,16642048,8589934592,35950592,2.36279296875,2.5595703125,2.2646484375,200,2016-06-20T14:12:45+09:00,04.9
21473,14333688,17818912,15716352,8589934592,35950592,2.36279296875,2.5595703125,2.2646484375,200,2016-06-20T14:12:45+09:00,04.9
21473,14358112,17818912,14716928,8589934592,35950592,2.36279296875,2.5595703125,2.2646484375,200,2016-06-20T14:12:45+09:00,05.0
21473,14382528,17818912,14766080,8589934592,35950592,2.36279296875,2.5595703125,2.2646484375,200,2016-06-20T14:12:45+09:00,05.0
21473,14406944,17818912,18067456,8589934592,35954688,2.36279296875,2.5595703125,2.2646484375,200,2016-06-20T14:12:45+09:00,05.0
21473,14431360,17818912,18173952,8589934592,35954688,2.36279296875,2.5595703125,2.2646484375,200,2016-06-20T14:12:45+09:00,05.0
21473,14455744,17818912,18616320,8589934592,35954688,2.36279296875,2.5595703125,2.2646484375,200,2016-06-20T14:12:45+09:00,05.0
21473,14480128,17818912,18780160,8589934592,35954688,2.36279296875,2.5595703125,2.2646484375,200,2016-06-20T14:12:45+09:00,05.1
21473,14504512,17818912,18903040,8589934592,35954688,2.36279296875,2.5595703125,2.2646484375,200,2016-06-20T14:12:45+09:00,05.1
21473,14528896,17818912,18976768,8589934592,35954688,2.36279296875,2.5595703125,2.2646484375,200,2016-06-20T14:12:45+09:00,05.1
21473,14553280,17818912,19161088,8589934592,35954688,2.36279296875,2.5595703125,2.2646484375,200,2016-06-20T14:12:45+09:00,05.1
21473,14577664,17818912,19259392,8589934592,35954688,2.36279296875,2.5595703125,2.2646484375,200,2016-06-20T14:12:45+09:00,05.1
21473,14602080,17818912,17285120,8589934592,35954688,2.36279296875,2.5595703125,2.2646484375,200,2016-06-20T14:12:45+09:00,05.2
21473,14626536,17818912,16297984,8589934592,35954688,2.36279296875,2.5595703125,2.2646484375,200,2016-06-20T14:12:45+09:00,05.2
21473,14650920,17818912,16773120,8589934592,35954688,2.36279296875,2.5595703125,2.2646484375,200,2016-06-20T14:12:45+09:00,05.2
21473,14675304,17818912,16871424,8589934592,35954688,2.36279296875,2.5595703125,2.2646484375,200,2016-06-20T14:12:45+09:00,05.2
21473,14699688,17818912,15970304,8589934592,35958784,2.36279296875,2.5595703125,2.2646484375,200,2016-06-20T14:12:45+09:00,05.2
21473,14724144,17818912,15044608,8589934592,35958784,2.36279296875,2.5595703125,2.2646484375,200,2016-06-20T14:12:46+09:00,05.3
21473,14749720,17818912,18653184,8589934592,35958784,2.36279296875,2.5595703125,2.2646484375,200,2016-06-20T14:12:46+09:00,05.3
21473,14774104,17818912,18800640,8589934592,35958784,2.36279296875,2.5595703125,2.2646484375,200,2016-06-20T14:12:46+09:00,05.3
21473,14798488,17818912,18972672,8589934592,35958784,2.36279296875,2.5595703125,2.2646484375,200,2016-06-20T14:12:46+09:00,05.3
21473,14822912,17818912,19070976,8589934592,35958784,2.36279296875,2.5595703125,2.2646484375,200,2016-06-20T14:12:46+09:00,05.3
21473,14847336,17818912,17145856,8589934592,35958784,2.36279296875,2.5595703125,2.2646484375,200,2016-06-20T14:12:46+09:00,05.4
21473,14871720,17818912,19148800,8589934592,35958784,2.36279296875,2.5595703125,2.2646484375,200,2016-06-20T14:12:46+09:00,05.4
21473,14896104,17818912,18198528,8589934592,35958784,2.36279296875,2.5595703125,2.2646484375,200,2016-06-20T14:12:46+09:00,05.4
21473,14920520,17818912,18345984,8589934592,35958784,2.36279296875,2.5595703125,2.2646484375,200,2016-06-20T14:12:46+09:00,05.4
21473,14944936,17818912,17416192,8589934592,35958784,2.36279296875,2.5595703125,2.2646484375,200,2016-06-20T14:12:46+09:00,05.4
21473,14969392,17818912,17547264,8589934592,35962880,2.36279296875,2.5595703125,2.2646484375,200,2016-06-20T14:12:46+09:00,05.5
21473,14993848,17818912,18038784,8589934592,35962880,2.36279296875,2.5595703125,2.2646484375,200,2016-06-20T14:12:46+09:00,05.5
21473,15018304,17818912,18190336,8589934592,35962880,2.36279296875,2.5595703125,2.2646484375,200,2016-06-20T14:12:46+09:00,05.5
21473,15042760,17818912,18288640,8589934592,35962880,2.36279296875,2.5595703125,2.2646484375,200,2016-06-20T14:12:46+09:00,05.5
21473,15067216,17818912,17911808,8589934592,35962880,2.36279296875,2.5595703125,2.2646484375,200,2016-06-20T14:12:46+09:00,05.5
21473,14251080,19882784,16986112,8589934592,36122624,2.36279296875,2.5595703125,2.2646484375,200,2016-06-20T14:12:46+09:00,05.6
21473,14275528,19882784,19062784,8589934592,36122624,2.36279296875,2.5595703125,2.2646484375,200,2016-06-20T14:12:46+09:00,05.6
21473,14299944,19882784,19210240,8589934592,36122624,2.36279296875,2.5595703125,2.2646484375,200,2016-06-20T14:12:46+09:00,05.6
21473,14324328,19882784,19333120,8589934592,36122624,2.36279296875,2.5595703125,2.2646484375,200,2016-06-20T14:12:46+09:00,05.6
21473,14348752,19882784,20561920,8589934592,36122624,2.36279296875,2.5595703125,2.2646484375,200,2016-06-20T14:12:46+09:00,05.6
21473,14373176,19882784,20709376,8589934592,36122624,2.36279296875,2.5595703125,2.2646484375,200,2016-06-20T14:12:46+09:00,05.7
21473,14397600,19882784,19783680,8589934592,36122624,2.36279296875,2.5595703125,2.2646484375,200,2016-06-20T14:12:46+09:00,05.7
21473,14422024,19882784,18833408,8589934592,36122624,2.36279296875,2.5595703125,2.2646484375,200,2016-06-20T14:12:46+09:00,05.7
21473,14446408,19882784,16883712,8589934592,36122624,2.36279296875,2.5595703125,2.2646484375,200,2016-06-20T14:12:46+09:00,05.7
21473,14470792,19882784,16982016,8589934592,36122624,2.36279296875,2.5595703125,2.2646484375,200,2016-06-20T14:12:46+09:00,05.7
21473,14495176,19882784,17104896,8589934592,36122624,2.36279296875,2.5595703125,2.2646484375,200,2016-06-20T14:12:46+09:00,05.8
21473,14519600,19882784,17326080,8589934592,36122624,2.36279296875,2.5595703125,2.2646484375,200,2016-06-20T14:12:46+09:00,05.8
21473,14543984,19882784,17424384,8589934592,36122624,2.36279296875,2.5595703125,2.2646484375,200,2016-06-20T14:12:46+09:00,05.8
21473,14568368,19882784,21078016,8589934592,36122624,2.36279296875,2.5595703125,2.2646484375,200,2016-06-20T14:12:46+09:00,05.8
21473,14592752,19882784,21225472,8589934592,36126720,2.36279296875,2.5595703125,2.2646484375,200,2016-06-20T14:12:46+09:00,05.8
21473,14617208,19882784,21348352,8589934592,36126720,2.36279296875,2.5595703125,2.2646484375,200,2016-06-20T14:12:46+09:00,05.9
21473,14645232,19882784,21471232,8589934592,36126720,2.36279296875,2.5595703125,2.2646484375,200,2016-06-20T14:12:46+09:00,05.9
21473,14682160,19882784,20570112,8589934592,36134912,2.36279296875,2.5595703125,2.2646484375,200,2016-06-20T14:12:46+09:00,05.9
21473,14706576,19882784,15425536,8589934592,36134912,2.36279296875,2.5595703125,2.2646484375,200,2016-06-20T14:12:46+09:00,05.9
21473,14730992,19882784,15523840,8589934592,36134912,2.36279296875,2.5595703125,2.2646484375,200,2016-06-20T14:12:46+09:00,05.9
21473,14755408,19882784,15736832,8589934592,36134912,2.36279296875,2.5595703125,2.2646484375,200,2016-06-20T14:12:46+09:00,06.0
21473,14779824,19882784,15859712,8589934592,36134912,2.36279296875,2.5595703125,2.2646484375,200,2016-06-20T14:12:46+09:00,06.0
21473,14804456,19882784,16039936,8589934592,36139008,2.36279296875,2.5595703125,2.2646484375,200,2016-06-20T14:12:46+09:00,06.0
21473,14828952,19882784,16113664,8589934592,36139008,2.36279296875,2.5595703125,2.2646484375,200,2016-06-20T14:12:46+09:00,06.0
21473,14853336,19882784,16187392,8589934592,36139008,2.36279296875,2.5595703125,2.2646484375,200,2016-06-20T14:12:46+09:00,06.0
21473,14877760,19882784,16326656,8589934592,36139008,2.36279296875,2.5595703125,2.2646484375,200,2016-06-20T14:12:46+09:00,06.1
21473,14902144,19882784,16474112,8589934592,36139008,2.36279296875,2.5595703125,2.2646484375,200,2016-06-20T14:12:46+09:00,06.1
21473,14926528,19882784,16572416,8589934592,36139008,2.36279296875,2.5595703125,2.2646484375,200,2016-06-20T14:12:46+09:00,06.1
21473,14950912,19882784,16719872,8589934592,36139008,2.36279296875,2.5595703125,2.2646484375,200,2016-06-20T14:12:46+09:00,06.1
21473,14975296,19882784,16842752,8589934592,36139008,2.36279296875,2.5595703125,2.2646484375,200,2016-06-20T14:12:46+09:00,06.1
21473,14999720,19882784,16941056,8589934592,36139008,2.36279296875,2.5595703125,2.2646484375,200,2016-06-20T14:12:46+09:00,06.2
21473,15024144,19882784,17063936,8589934592,36139008,2.36279296875,2.5595703125,2.2646484375,200,2016-06-20T14:12:46+09:00,06.2
21473,15048528,19882784,16113664,8589934592,36139008,2.36279296875,2.5595703125,2.2646484375,200,2016-06-20T14:12:46+09:00,06.2
21473,15072912,19882784,16191488,8589934592,36143104,2.36279296875,2.5595703125,2.2646484375,200,2016-06-20T14:12:46+09:00,06.2
21473,15097368,19882784,16314368,8589934592,36143104,2.36279296875,2.5595703125,2.2646484375,200,2016-06-20T14:12:46+09:00,06.2
21473,15121824,19882784,16388096,8589934592,36143104,2.36279296875,2.5595703125,2.2646484375,200,2016-06-20T14:12:47+09:00,06.3
21473,15147400,19882784,16461824,8589934592,36143104,2.36279296875,2.5595703125,2.2646484375,200,2016-06-20T14:12:47+09:00,06.3
21473,15171856,19882784,17506304,8589934592,36143104,2.36279296875,2.5595703125,2.2646484375,200,2016-06-20T14:12:47+09:00,06.3
21473,15196312,19882784,17580032,8589934592,36143104,2.36279296875,2.5595703125,2.2646484375,200,2016-06-20T14:12:47+09:00,06.3
21473,15220784,19882784,16621568,8589934592,36155392,2.36279296875,2.5595703125,2.2646484375,200,2016-06-20T14:12:47+09:00,06.3
