pid,heapUsed,heapTotal,osFreeMem,osTotalMem,rss,la/1min,la/5min,la/15min,statusCode,time,relativeTime,responseTime
27503,11914024,17818912,28110848,8589934592,31559680,2.12939453125,2.01611328125,2.0107421875,200,2016-06-20T17:30:27+09:00,00.7,8423994
27503,11939472,17818912,26574848,8589934592,31559680,2.12939453125,2.01611328125,2.0107421875,200,2016-06-20T17:30:27+09:00,00.9,4270664
27503,11963408,17818912,25473024,8589934592,31559680,2.12939453125,2.01611328125,2.0107421875,200,2016-06-20T17:30:27+09:00,01.1,1950618
27503,11987304,17818912,23621632,8589934592,31559680,2.12939453125,2.01611328125,2.0107421875,200,2016-06-20T17:30:27+09:00,01.3,1988201
27503,12011232,17818912,25133056,8589934592,31559680,2.12939453125,2.01611328125,2.0107421875,200,2016-06-20T17:30:28+09:00,01.5,1945631
27503,12036320,17818912,26447872,8589934592,31559680,2.12939453125,2.01611328125,2.0107421875,200,2016-06-20T17:30:28+09:00,01.7,1903841
27503,12060248,17818912,26779648,8589934592,31559680,2.12939453125,2.01611328125,2.0107421875,200,2016-06-20T17:30:28+09:00,01.9,2248963
27503,11266424,16803616,26988544,8589934592,31563776,2.12939453125,2.01611328125,2.0107421875,200,2016-06-20T17:30:28+09:00,02.1,2628133
27503,11290352,16803616,27234304,8589934592,31563776,2.12939453125,2.01611328125,2.0107421875,200,2016-06-20T17:30:28+09:00,02.3,1964980
27503,11314248,16803616,28102656,8589934592,31563776,2.12939453125,2.01611328125,2.0107421875,200,2016-06-20T17:30:29+09:00,02.5,2100686
27503,11339264,16803616,27394048,8589934592,31563776,2.12939453125,2.01611328125,2.0107421875,200,2016-06-20T17:30:29+09:00,02.7,1858569
27503,11363200,16803616,27648000,8589934592,31563776,2.12939453125,2.01611328125,2.0107421875,200,2016-06-20T17:30:29+09:00,02.9,2055880
27503,11387096,16803616,27922432,8589934592,31563776,2.12939453125,2.01611328125,2.0107421875,200,2016-06-20T17:30:29+09:00,03.1,1722832
27503,11411024,16803616,28168192,8589934592,31563776,2.12939453125,2.01611328125,2.0107421875,200,2016-06-20T17:30:29+09:00,03.3,2299890
27503,11434920,16803616,26308608,8589934592,31563776,2.12939453125,2.01611328125,2.0107421875,200,2016-06-20T17:30:30+09:00,03.5,1819759
