pid,time,rss,heapUsed,heapTotal,osFreeMem,osTotalMem,la/1min,la/5min,la/15min
49147,2003,21581824,12415112,13719840,25309184,4294967296,1.47021484375,2.7998046875,3.7421875
49147,2018,21643264,12442168,13719840,25440256,4294967296,1.47021484375,2.7998046875,3.7421875
49147,2027,21884928,12472096,13719840,23400448,4294967296,1.47021484375,2.7998046875,3.7421875
49147,2053,21975040,12500864,13719840,21319680,4294967296,1.47021484375,2.7998046875,3.7421875
49147,2086,22003712,12526392,13719840,21430272,4294967296,1.47021484375,2.7998046875,3.7421875
49147,2120,22036480,12551960,13719840,20455424,4294967296,1.47021484375,2.7998046875,3.7421875
49147,2153,22093824,12577528,13719840,20938752,4294967296,1.47021484375,2.7998046875,3.7421875
49147,2187,22126592,12603096,13719840,21024768,4294967296,1.47021484375,2.7998046875,3.7421875
49147,2234,22167552,12628624,13719840,20733952,4294967296,1.47021484375,2.7998046875,3.7421875
49147,2254,23072768,11816360,13719840,20185088,4294967296,1.47021484375,2.7998046875,3.7421875
49147,2287,23101440,11841928,13719840,20242432,4294967296,1.47021484375,2.7998046875,3.7421875
49147,2320,23134208,11867496,13719840,19275776,4294967296,1.47021484375,2.7998046875,3.7421875
49147,2353,23162880,11893064,13719840,21352448,4294967296,1.47021484375,2.7998046875,3.7421875
49147,2387,23191552,11918632,13719840,23842816,4294967296,1.47021484375,2.7998046875,3.7421875
49147,2439,25006080,12001656,13719840,12967936,4294967296,1.47021484375,2.7998046875,3.7421875
49147,2460,25034752,12027064,13719840,22966272,4294967296,1.47021484375,2.7998046875,3.7421875
49147,2487,25079808,12052552,13719840,23179264,4294967296,1.47021484375,2.7998046875,3.7421875
49147,2522,25194496,12095984,13719840,22368256,4294967296,1.47021484375,2.7998046875,3.7421875
49147,2559,25427968,12156560,13719840,23457792,4294967296,1.47021484375,2.7998046875,3.7421875
49147,2595,26329088,12309312,13719840,22392832,4294967296,1.47021484375,2.7998046875,3.7421875
49147,2620,26411008,12359912,13719840,22474752,4294967296,1.47021484375,2.7998046875,3.7421875
49147,2653,26435584,12385136,13719840,21483520,4294967296,1.47021484375,2.7998046875,3.7421875
49147,2686,26460160,12410280,13719840,21594112,4294967296,1.47021484375,2.7998046875,3.7421875
49147,2719,26550272,12442904,13719840,20602880,4294967296,1.47021484375,2.7998046875,3.7421875
49147,2754,26619904,12486128,13719840,19664896,4294967296,1.47021484375,2.7998046875,3.7421875
49147,2787,26644480,12511768,13719840,19722240,4294967296,1.47021484375,2.7998046875,3.7421875
49147,2819,26673152,12536992,13719840,19832832,4294967296,1.47021484375,2.7998046875,3.7421875
49147,2853,26697728,12562216,13719840,19890176,4294967296,1.47021484375,2.7998046875,3.7421875
49147,2886,26734592,12592112,13719840,19972096,4294967296,1.47021484375,2.7998046875,3.7421875
49147,2920,26759168,12617336,13719840,20058112,4294967296,1.47021484375,2.7998046875,3.7421875
49147,2953,26787840,12642480,13719840,19120128,4294967296,1.47021484375,2.7998046875,3.7421875
49147,2988,26845184,12668800,13719840,19206144,4294967296,1.47021484375,2.7998046875,3.7421875
49147,3020,26869760,12693944,13719840,19316736,4294967296,1.47021484375,2.7998046875,3.7421875
49147,3054,26976256,12719128,13719840,23928832,4294967296,1.47021484375,2.7998046875,3.7421875
49147,3087,27045888,12772680,13719840,24010752,4294967296,1.47021484375,2.7998046875,3.7421875
49147,3119,27066368,12797000,13719840,23019520,4294967296,1.47021484375,2.7998046875,3.7421875
49147,3152,27115520,12821320,13719840,23101440,4294967296,1.51220703125,2.7861328125,3.73193359375
49147,3186,27144192,12845768,13719840,23158784,4294967296,1.51220703125,2.7861328125,3.73193359375
49147,3219,27168768,12870056,13719840,23240704,4294967296,1.51220703125,2.7861328125,3.73193359375
49147,3253,27213824,12894344,13719840,23334912,4294967296,1.51220703125,2.7861328125,3.73193359375
49147,3286,27238400,12918672,13719840,23420928,4294967296,1.51220703125,2.7861328125,3.73193359375
49147,3321,27258880,12942960,13719840,23490560,4294967296,1.51220703125,2.7861328125,3.73193359375
49147,3353,27324416,12967288,13719840,24154112,4294967296,1.51220703125,2.7861328125,3.73193359375
49147,3390,27348992,12991616,13719840,22896640,4294967296,1.51220703125,2.7861328125,3.73193359375
49147,3420,27398144,13015904,14751776,23633920,4294967296,1.51220703125,2.7861328125,3.73193359375
49147,3454,26877952,12225128,14751776,16510976,4294967296,1.51220703125,2.7861328125,3.73193359375
49147,3486,26902528,12249416,14751776,24576000,4294967296,1.51220703125,2.7861328125,3.73193359375
49147,3521,26951680,12273744,14751776,23666688,4294967296,1.51220703125,2.7861328125,3.73193359375
49147,3553,26976256,12298072,14751776,23863296,4294967296,1.51220703125,2.7861328125,3.73193359375
49147,3587,27000832,12322360,14751776,23973888,4294967296,1.51220703125,2.7861328125,3.73193359375
49147,3620,27156480,12346688,14751776,23113728,4294967296,1.51220703125,2.7861328125,3.73193359375
49147,3653,27185152,12380336,14751776,23195648,4294967296,1.51220703125,2.7861328125,3.73193359375
49147,3686,27209728,12404536,14751776,22233088,4294967296,1.51220703125,2.7861328125,3.73193359375
49147,3720,27275264,12428736,14751776,22343680,4294967296,1.51220703125,2.7861328125,3.73193359375
49147,3753,27303936,12454200,14751776,22401024,4294967296,1.51220703125,2.7861328125,3.73193359375
49147,3786,27328512,12478360,14751776,22511616,4294967296,1.51220703125,2.7861328125,3.73193359375
49147,3819,27443200,12502560,14751776,22568960,4294967296,1.51220703125,2.7861328125,3.73193359375
49147,3853,27467776,12526760,14751776,22650880,4294967296,1.51220703125,2.7861328125,3.73193359375
49147,3886,27553792,12550920,14751776,22708224,4294967296,1.51220703125,2.7861328125,3.73193359375
49147,3920,27574272,12575120,14751776,22790144,4294967296,1.51220703125,2.7861328125,3.73193359375
49147,3953,27598848,12599320,14751776,22626304,4294967296,1.51220703125,2.7861328125,3.73193359375
49147,3986,27639808,12624904,14751776,22708224,4294967296,1.51220703125,2.7861328125,3.73193359375
49147,4020,27664384,12649104,14751776,22765568,4294967296,1.51220703125,2.7861328125,3.73193359375
49147,4053,27688960,12673264,14751776,21823488,4294967296,1.51220703125,2.7861328125,3.73193359375
49147,4089,27762688,12697464,14751776,21905408,4294967296,1.51220703125,2.7861328125,3.73193359375
49147,4124,27787264,12721704,14751776,22016000,4294967296,1.51220703125,2.7861328125,3.73193359375
49147,4153,27807744,12745904,14751776,22073344,4294967296,1.51220703125,2.7861328125,3.73193359375
49147,4186,27856896,12770064,14751776,21135360,4294967296,1.51220703125,2.7861328125,3.73193359375
49147,4220,27881472,12794264,14751776,21225472,4294967296,1.51220703125,2.7861328125,3.73193359375
49147,4253,27930624,12818424,14751776,21336064,4294967296,1.51220703125,2.7861328125,3.73193359375
49147,4286,27955200,12842584,14751776,20344832,4294967296,1.51220703125,2.7861328125,3.73193359375
49147,4319,27979776,12866744,14751776,20426752,4294967296,1.51220703125,2.7861328125,3.73193359375
49147,4353,28012544,12890904,14751776,20553728,4294967296,1.51220703125,2.7861328125,3.73193359375
49147,4386,28041216,12915064,14751776,20635648,4294967296,1.51220703125,2.7861328125,3.73193359375
49147,4419,28065792,12939224,14751776,21237760,4294967296,1.51220703125,2.7861328125,3.73193359375
49147,4454,28119040,12963424,14751776,21319680,4294967296,1.51220703125,2.7861328125,3.73193359375
49147,4486,28147712,12987584,14751776,20328448,4294967296,1.51220703125,2.7861328125,3.73193359375
49147,4519,28168192,13011784,14751776,20451328,4294967296,1.51220703125,2.7861328125,3.73193359375
49147,4553,28221440,13035944,14751776,20639744,4294967296,1.51220703125,2.7861328125,3.73193359375
49147,4586,28246016,13060104,14751776,20746240,4294967296,1.51220703125,2.7861328125,3.73193359375
49147,4620,28311552,13084304,14751776,20803584,4294967296,1.51220703125,2.7861328125,3.73193359375
49147,4654,28336128,13108504,14751776,19865600,4294967296,1.51220703125,2.7861328125,3.73193359375
49147,4686,28340224,13132664,14751776,19922944,4294967296,1.51220703125,2.7861328125,3.73193359375
49147,4719,27574272,12340944,14751776,21053440,4294967296,1.51220703125,2.7861328125,3.73193359375
49147,4753,27598848,12365144,14751776,20094976,4294967296,1.51220703125,2.7861328125,3.73193359375
49147,4786,27631616,12389304,14751776,20205568,4294967296,1.51220703125,2.7861328125,3.73193359375
49147,4820,27656192,12413504,14751776,20262912,4294967296,1.51220703125,2.7861328125,3.73193359375
49147,4853,27680768,12437704,14751776,19296256,4294967296,1.51220703125,2.7861328125,3.73193359375
49147,4886,27705344,12461864,14751776,19353600,4294967296,1.51220703125,2.7861328125,3.73193359375
49147,4920,27729920,12486064,14751776,19435520,4294967296,1.51220703125,2.7861328125,3.73193359375
